,County,State,ImmCountRounded,Origin,OriginTooltip,CountyPercentbyOrigin,ImmCount,TotalImmPopRounded,TotalImm
0,"Chatham County, Georgia",Georgia,7900,Americas,Americas,0.000341018,7870,23078000,23077986
1,"Chatham County, Georgia",Georgia,6700,Asia,Asia,0.000492095,6713,13641700,13641680
2,"Chatham County, Georgia",Georgia,1500,Caribbean,Caribbean,0.000334649,1451,4335900,4335884
3,"Chatham County, Georgia",Georgia,4500,Central America,Central America,0.00030256099999999996,4467,14764000,14763980
4,"Chatham County, Georgia",Georgia,1300,"Central America, excluding Mexico","Central America, excl. Mexico",0.000367731,1292,3513400,3513439
5,"Chatham County, Georgia",Georgia,1500,China,China,0.0005528390000000001,1534,2774800,2774768
6,"Chatham County, Georgia",Georgia,1300,"China, excluding Hong Kong and Taiwan","China, excl. Hong Kong and Taiwan",0.000589162,1274,2162400,2162395
7,"Chatham County, Georgia",Georgia,1400,"China, excluding Taiwan","China, excl. Taiwan",0.000583205,1396,2393700,2393670
8,"Chatham County, Georgia",Georgia,2300,Eastern Asia,Eastern Asia,0.00055912,2337,4179800,4179779
9,"Chatham County, Georgia",Georgia,2600,Europe,Europe,0.000543049,2587,4763800,4763845
10,"Chatham County, Georgia",Georgia,1600,India,India,0.0006233640000000001,1597,2561900,2561906
11,"Chatham County, Georgia",Georgia,7400,Latin America,Latin America,0.0003325,7402,22261600,22261633
12,"Chatham County, Georgia",Georgia,3200,Mexico,Mexico,0.000282209,3175,11250500,11250541
13,"Chatham County, Georgia",Georgia,1500,South America,South America,0.000469358,1484,3161800,3161769
14,"Chatham County, Georgia",Georgia,1700,South Central Asia,South Central Asia,0.000434794,1748,4020300,4020291
15,"Chatham County, Georgia",Georgia,2300,South Eastern Asia,South Eastern Asia,0.000532254,2270,4264900,4264879
16,"Chatham County, Georgia",Georgia,18300,(All countries),all countries,0.000416233,18319,44011400,44011407
17,"Chatham County, Georgia",Georgia,1300,Vietnam,Vietnam,0.001005993,1345,1337000,1336988
0,"Cherokee County, Georgia",Georgia,1100,Africa,Africa,0.000476808,1076,2256700,2256673
1,"Cherokee County, Georgia",Georgia,14000,Americas,Americas,0.000606725,14002,23078000,23077986
2,"Cherokee County, Georgia",Georgia,4000,Asia,Asia,0.000291753,3980,13641700,13641680
3,"Cherokee County, Georgia",Georgia,1900,Caribbean,Caribbean,0.00044673699999999995,1937,4335900,4335884
4,"Cherokee County, Georgia",Georgia,8700,Central America,Central America,0.000587917,8680,14764000,14763980
5,"Cherokee County, Georgia",Georgia,3200,"Central America, excluding Mexico","Central America, excl. Mexico",0.000909935,3197,3513400,3513439
6,"Cherokee County, Georgia",Georgia,1200,Colombia,Colombia,0.0015682170000000002,1194,761400,761374
7,"Cherokee County, Georgia",Georgia,1100,Eastern Europe,Eastern Europe,0.000501732,1057,2106700,2106701
8,"Cherokee County, Georgia",Georgia,2700,Europe,Europe,0.0005659290000000001,2696,4763800,4763845
9,"Cherokee County, Georgia",Georgia,2300,Guatemala,Guatemala,0.00235625,2307,979100,979098
10,"Cherokee County, Georgia",Georgia,13300,Latin America,Latin America,0.000596497,13279,22261600,22261633
11,"Cherokee County, Georgia",Georgia,5500,Mexico,Mexico,0.000487354,5483,11250500,11250541
12,"Cherokee County, Georgia",Georgia,2900,"Northern Triangle: El Salvador, Guatemala, Honduras","Northern Triangle: El Salvador, Guatemala, Honduras",0.0009753489999999999,2937,3011200,3011229
13,"Cherokee County, Georgia",Georgia,2700,South America,South America,0.0008419339999999999,2662,3161800,3161769
14,"Cherokee County, Georgia",Georgia,1100,South Central Asia,South Central Asia,0.00027386099999999997,1101,4020300,4020291
15,"Cherokee County, Georgia",Georgia,1300,South Eastern Asia,South Eastern Asia,0.00031607,1348,4264900,4264879
16,"Cherokee County, Georgia",Georgia,21800,(All countries),all countries,0.000496439,21849,44011400,44011407
0,"Clarke County, Georgia",Georgia,7000,Americas,Americas,0.000304143,7019,23078000,23077986
1,"Clarke County, Georgia",Georgia,3600,Asia,Asia,0.000266463,3635,13641700,13641680
2,"Clarke County, Georgia",Georgia,5000,Central America,Central America,0.00033967800000000005,5015,14764000,14763980
3,"Clarke County, Georgia",Georgia,1300,"Central America, excluding Mexico","Central America, excl. Mexico",0.0003683,1294,3513400,3513439
4,"Clarke County, Georgia",Georgia,1700,Eastern Asia,Eastern Asia,0.000398346,1665,4179800,4179779
5,"Clarke County, Georgia",Georgia,1100,Europe,Europe,0.000225868,1076,4763800,4763845
6,"Clarke County, Georgia",Georgia,6800,Latin America,Latin America,0.000304335,6775,22261600,22261633
7,"Clarke County, Georgia",Georgia,3700,Mexico,Mexico,0.00033074,3721,11250500,11250541
8,"Clarke County, Georgia",Georgia,1200,"Northern Triangle: El Salvador, Guatemala, Honduras","Northern Triangle: El Salvador, Guatemala, Honduras",0.000414117,1247,3011200,3011229
9,"Clarke County, Georgia",Georgia,1200,South America,South America,0.00038364599999999997,1213,3161800,3161769
10,"Clarke County, Georgia",Georgia,12600,(All countries),all countries,0.00028738,12648,44011400,44011407
0,"Clayton County, Georgia",Georgia,5500,Africa,Africa,0.002456271,5543,2256700,2256673
1,"Clayton County, Georgia",Georgia,21500,Americas,Americas,0.000933314,21539,23078000,23077986
2,"Clayton County, Georgia",Georgia,10800,Asia,Asia,0.000791252,10794,13641700,13641680
3,"Clayton County, Georgia",Georgia,5400,Caribbean,Caribbean,0.001247727,5410,4335900,4335884
4,"Clayton County, Georgia",Georgia,15000,Central America,Central America,0.001018763,15041,14764000,14763980
5,"Clayton County, Georgia",Georgia,2800,"Central America, excluding Mexico","Central America, excl. Mexico",0.000796371,2798,3513400,3513439
6,"Clayton County, Georgia",Georgia,1100,Eastern Asia,Eastern Asia,0.000252166,1054,4179800,4179779
7,"Clayton County, Georgia",Georgia,1100,El Salvador,El Salvador,0.000808829,1117,1381000,1381008
8,"Clayton County, Georgia",Georgia,2600,Jamaica,Jamaica,0.0034799690000000003,2580,741400,741386
9,"Clayton County, Georgia",Georgia,21500,Latin America,Latin America,0.00096435,21468,22261600,22261633
10,"Clayton County, Georgia",Georgia,12200,Mexico,Mexico,0.0010882139999999999,12243,11250500,11250541
11,"Clayton County, Georgia",Georgia,2200,Nigeria,Nigeria,0.006257994,2192,350300,350272
12,"Clayton County, Georgia",Georgia,2200,"Northern Triangle: El Salvador, Guatemala, Honduras","Northern Triangle: El Salvador, Guatemala, Honduras",0.000731595,2203,3011200,3011229
13,"Clayton County, Georgia",Georgia,1000,South America,South America,0.000321655,1017,3161800,3161769
14,"Clayton County, Georgia",Georgia,8900,South Eastern Asia,South Eastern Asia,0.002089157,8910,4264900,4264879
15,"Clayton County, Georgia",Georgia,5400,Sub-Saharan Africa,Sub-Saharan Africa,0.0028592559999999997,5415,1893800,1893849
16,"Clayton County, Georgia",Georgia,38300,(All countries),all countries,0.0008694110000000001,38264,44011400,44011407
17,"Clayton County, Georgia",Georgia,6900,Vietnam,Vietnam,0.0051346759999999995,6865,1337000,1336988
18,"Clayton County, Georgia",Georgia,4300,Western Africa,Western Africa,0.005155498,4331,840100,840074
0,"Cobb County, Georgia",Georgia,14300,Africa,Africa,0.006329672,14284,2256700,2256673
1,"Cobb County, Georgia",Georgia,61300,Americas,Americas,0.002657251,61324,23078000,23077986
2,"Cobb County, Georgia",Georgia,31200,Asia,Asia,0.002289381,31231,13641700,13641680
3,"Cobb County, Georgia",Georgia,4600,Brazil,Brazil,0.010681025,4630,433500,433479
4,"Cobb County, Georgia",Georgia,2200,Canada,Canada,0.002745601,2220,808600,808566
5,"Cobb County, Georgia",Georgia,10100,Caribbean,Caribbean,0.0023402379999999997,10147,4335900,4335884
6,"Cobb County, Georgia",Georgia,38500,Central America,Central America,0.002607292,38494,14764000,14763980
7,"Cobb County, Georgia",Georgia,11000,"Central America, excluding Mexico","Central America, excl. Mexico",0.0031171740000000003,10952,3513400,3513439
8,"Cobb County, Georgia",Georgia,4100,China,China,0.001490215,4135,2774800,2774768
9,"Cobb County, Georgia",Georgia,3200,"China, excluding Hong Kong and Taiwan","China, excl. Hong Kong and Taiwan",0.001472904,3185,2162400,2162395
10,"Cobb County, Georgia",Georgia,3400,"China, excluding Taiwan","China, excl. Taiwan",0.001417071,3392,2393700,2393670
11,"Cobb County, Georgia",Georgia,1700,Colombia,Colombia,0.002269581,1728,761400,761374
12,"Cobb County, Georgia",Georgia,1100,Dominican Republic,Dominican Republic,0.001005235,1124,1118100,1118147
13,"Cobb County, Georgia",Georgia,3600,Eastern Africa,Eastern Africa,0.005327393000000001,3609,677400,677442
14,"Cobb County, Georgia",Georgia,8100,Eastern Asia,Eastern Asia,0.001926896,8054,4179800,4179779
15,"Cobb County, Georgia",Georgia,4100,Eastern Europe,Eastern Europe,0.001964208,4138,2106700,2106701
16,"Cobb County, Georgia",Georgia,3300,El Salvador,El Salvador,0.002359146,3258,1381000,1381008
17,"Cobb County, Georgia",Georgia,10800,Europe,Europe,0.002259309,10763,4763800,4763845
18,"Cobb County, Georgia",Georgia,1300,Germany,Germany,0.002401993,1346,560400,560368
19,"Cobb County, Georgia",Georgia,1100,Ghana,Ghana,0.00625042,1115,178400,178388
20,"Cobb County, Georgia",Georgia,3700,Guatemala,Guatemala,0.003744263,3666,979100,979098
21,"Cobb County, Georgia",Georgia,2300,Haiti,Haiti,0.0034683459999999998,2333,672700,672655
22,"Cobb County, Georgia",Georgia,2800,Honduras,Honduras,0.004364767,2842,651100,651123
23,"Cobb County, Georgia",Georgia,11600,India,India,0.0045282690000000006,11601,2561900,2561906
24,"Cobb County, Georgia",Georgia,1500,Iran,Iran,0.003895255,1489,382300,382260
25,"Cobb County, Georgia",Georgia,3900,Jamaica,Jamaica,0.005213209,3865,741400,741386
26,"Cobb County, Georgia",Georgia,2000,Kenya,Kenya,0.014391433,2040,141800,141751
27,"Cobb County, Georgia",Georgia,3000,Korea,Korea,0.002866076,2994,1044600,1044634
28,"Cobb County, Georgia",Georgia,59100,Latin America,Latin America,0.002653444,59070,22261600,22261633
29,"Cobb County, Georgia",Georgia,1900,MENA: Middle East* and North Africa,MENA: Middle East* and North Africa,0.001631965,1874,1148300,1148309
30,"Cobb County, Georgia",Georgia,27500,Mexico,Mexico,0.00244806,27542,11250500,11250541
31,"Cobb County, Georgia",Georgia,1100,Middle Africa,Middle Africa,0.00704001,1083,153800,153835
32,"Cobb County, Georgia",Georgia,5200,Nigeria,Nigeria,0.014791361999999999,5181,350300,350272
33,"Cobb County, Georgia",Georgia,2300,Northern America,Northern America,0.00276106,2254,816400,816353
34,"Cobb County, Georgia",Georgia,3100,Northern Europe,Northern Europe,0.0032323359999999997,3055,945100,945137
35,"Cobb County, Georgia",Georgia,9800,"Northern Triangle: El Salvador, Guatemala, Honduras","Northern Triangle: El Salvador, Guatemala, Honduras",0.003243194,9766,3011200,3011229
36,"Cobb County, Georgia",Georgia,1200,Pakistan,Pakistan,0.0033180279999999998,1248,376100,376127
37,"Cobb County, Georgia",Georgia,1300,Philippines,the Philippines,0.0006492140000000001,1288,1983900,1983939
38,"Cobb County, Georgia",Georgia,1000,Russia,Russia,0.002658047,1041,391600,391641
39,"Cobb County, Georgia",Georgia,10400,South America,South America,0.00329847,10429,3161800,3161769
40,"Cobb County, Georgia",Georgia,15500,South Central Asia,South Central Asia,0.003860417,15520,4020300,4020291
41,"Cobb County, Georgia",Georgia,5500,South Eastern Asia,South Eastern Asia,0.00129101,5506,4264900,4264879
42,"Cobb County, Georgia",Georgia,13800,Sub-Saharan Africa,Sub-Saharan Africa,0.007268795,13766,1893800,1893849
43,"Cobb County, Georgia",Georgia,117800,(All countries),all countries,0.00267667,117804,44011400,44011407
44,"Cobb County, Georgia",Georgia,2500,United Kingdom,the United Kingdom,0.0035255620000000003,2463,698600,698612
45,"Cobb County, Georgia",Georgia,1100,Venezuela,Venezuela,0.0031739679999999997,1110,349700,349720
46,"Cobb County, Georgia",Georgia,2700,Vietnam,Vietnam,0.002044147,2733,1337000,1336988
47,"Cobb County, Georgia",Georgia,8000,Western Africa,Western Africa,0.009490831,7973,840100,840074
48,"Cobb County, Georgia",Georgia,2100,Western Asia,Western Asia,0.0018379529999999998,2072,1127300,1127341
49,"Cobb County, Georgia",Georgia,2700,Western Europe,Western Europe,0.002898361,2741,945700,945707
0,"Columbia County, Georgia",Georgia,3100,Americas,Americas,0.00013437,3101,23078000,23077986
1,"Columbia County, Georgia",Georgia,4800,Asia,Asia,0.00035398900000000003,4829,13641700,13641680
2,"Columbia County, Georgia",Georgia,1600,Central America,Central America,0.00010871100000000001,1605,14764000,14763980
3,"Columbia County, Georgia",Georgia,1900,Eastern Asia,Eastern Asia,0.00044715300000000005,1869,4179800,4179779
4,"Columbia County, Georgia",Georgia,1900,Europe,Europe,0.00039799800000000005,1896,4763800,4763845
5,"Columbia County, Georgia",Georgia,1100,India,India,0.000447714,1147,2561900,2561906
6,"Columbia County, Georgia",Georgia,1100,Korea,Korea,0.001011838,1057,1044600,1044634
7,"Columbia County, Georgia",Georgia,2800,Latin America,Latin America,0.000125462,2793,22261600,22261633
8,"Columbia County, Georgia",Georgia,1200,Mexico,Mexico,0.000104439,1175,11250500,11250541
9,"Columbia County, Georgia",Georgia,1600,South Central Asia,South Central Asia,0.000394996,1588,4020300,4020291
10,"Columbia County, Georgia",Georgia,1100,South Eastern Asia,South Eastern Asia,0.00026729900000000003,1140,4264900,4264879
11,"Columbia County, Georgia",Georgia,10600,(All countries),all countries,0.00024150599999999997,10629,44011400,44011407
0,"DeKalb County, Georgia",Georgia,24500,Africa,Africa,0.01085093,24487,2256700,2256673
1,"DeKalb County, Georgia",Georgia,48400,Americas,Americas,0.00209936,48449,23078000,23077986
2,"DeKalb County, Georgia",Georgia,38800,Asia,Asia,0.002841072,38757,13641700,13641680
3,"DeKalb County, Georgia",Georgia,2100,Bangladesh,Bangladesh,0.008795219,2087,237300,237288
4,"DeKalb County, Georgia",Georgia,1300,Canada,Canada,0.001665912,1347,808600,808566
5,"DeKalb County, Georgia",Georgia,16600,Caribbean,Caribbean,0.0038349729999999998,16628,4335900,4335884
6,"DeKalb County, Georgia",Georgia,24400,Central America,Central America,0.001650571,24369,14764000,14763980
7,"DeKalb County, Georgia",Georgia,9000,"Central America, excluding Mexico","Central America, excl. Mexico",0.00256757,9021,3513400,3513439
8,"DeKalb County, Georgia",Georgia,5500,China,China,0.0019745789999999997,5479,2774800,2774768
9,"DeKalb County, Georgia",Georgia,4400,"China, excluding Hong Kong and Taiwan","China, excl. Hong Kong and Taiwan",0.002026919,4383,2162400,2162395
10,"DeKalb County, Georgia",Georgia,4600,"China, excluding Taiwan","China, excl. Taiwan",0.00194137,4647,2393700,2393670
11,"DeKalb County, Georgia",Georgia,1100,Colombia,Colombia,0.00149992,1142,761400,761374
12,"DeKalb County, Georgia",Georgia,11900,Eastern Africa,Eastern Africa,0.017529176,11875,677400,677442
13,"DeKalb County, Georgia",Georgia,9100,Eastern Asia,Eastern Asia,0.0021757129999999997,9094,4179800,4179779
14,"DeKalb County, Georgia",Georgia,2800,Eastern Europe,Eastern Europe,0.0013461810000000001,2836,2106700,2106701
15,"DeKalb County, Georgia",Georgia,1600,El Salvador,El Salvador,0.001146264,1583,1381000,1381008
16,"DeKalb County, Georgia",Georgia,1400,Eritrea,Eritrea,0.030098185,1358,45100,45119
17,"DeKalb County, Georgia",Georgia,7400,Ethiopia,Ethiopia,0.02946228,7359,249800,249777
18,"DeKalb County, Georgia",Georgia,7700,Europe,Europe,0.001626417,7748,4763800,4763845
19,"DeKalb County, Georgia",Georgia,1100,Germany,Germany,0.002048654,1148,560400,560368
20,"DeKalb County, Georgia",Georgia,4600,Guatemala,Guatemala,0.004733949,4635,979100,979098
21,"DeKalb County, Georgia",Georgia,1300,Guyana,Guyana,0.004843374,1313,271100,271092
22,"DeKalb County, Georgia",Georgia,1400,Haiti,Haiti,0.002106578,1417,672700,672655
23,"DeKalb County, Georgia",Georgia,1800,Honduras,Honduras,0.002827423,1841,651100,651123
24,"DeKalb County, Georgia",Georgia,9100,India,India,0.003549311,9093,2561900,2561906
25,"DeKalb County, Georgia",Georgia,9900,Jamaica,Jamaica,0.013312903000000001,9870,741400,741386
26,"DeKalb County, Georgia",Georgia,2900,Korea,Korea,0.0027378009999999998,2860,1044600,1044634
27,"DeKalb County, Georgia",Georgia,46900,Latin America,Latin America,0.0021082460000000003,46933,22261600,22261633
28,"DeKalb County, Georgia",Georgia,3800,MENA: Middle East* and North Africa,MENA: Middle East* and North Africa,0.00333621,3831,1148300,1148309
29,"DeKalb County, Georgia",Georgia,15300,Mexico,Mexico,0.001364201,15348,11250500,11250541
30,"DeKalb County, Georgia",Georgia,1900,Middle Africa,Middle Africa,0.012656418000000001,1947,153800,153835
31,"DeKalb County, Georgia",Georgia,2600,Myanmar (Burma),Myanmar (Burma),0.017313465,2555,147600,147573
32,"DeKalb County, Georgia",Georgia,1500,Nepal,Nepal,0.010950718,1543,140900,140904
33,"DeKalb County, Georgia",Georgia,3400,Nigeria,Nigeria,0.009652499,3381,350300,350272
34,"DeKalb County, Georgia",Georgia,1700,Northern Africa,Northern Africa,0.004572465,1659,362800,362824
35,"DeKalb County, Georgia",Georgia,1500,Northern America,Northern America,0.00185704,1516,816400,816353
36,"DeKalb County, Georgia",Georgia,2500,Northern Europe,Northern Europe,0.002647235,2502,945100,945137
37,"DeKalb County, Georgia",Georgia,8100,"Northern Triangle: El Salvador, Guatemala, Honduras","Northern Triangle: El Salvador, Guatemala, Honduras",0.0026763159999999998,8059,3011200,3011229
38,"DeKalb County, Georgia",Georgia,1900,Pakistan,Pakistan,0.005014264,1886,376100,376127
39,"DeKalb County, Georgia",Georgia,1300,Somalia,Somalia,0.013580422,1344,99000,98966
40,"DeKalb County, Georgia",Georgia,5900,South America,South America,0.00187743,5936,3161800,3161769
41,"DeKalb County, Georgia",Georgia,17300,South Central Asia,South Central Asia,0.004314116,17344,4020300,4020291
42,"DeKalb County, Georgia",Georgia,9200,South Eastern Asia,South Eastern Asia,0.002159264,9209,4264900,4264879
43,"DeKalb County, Georgia",Georgia,22800,Sub-Saharan Africa,Sub-Saharan Africa,0.012053758999999999,22828,1893800,1893849
44,"DeKalb County, Georgia",Georgia,119900,(All countries),all countries,0.002724612,119914,44011400,44011407
45,"DeKalb County, Georgia",Georgia,1400,Trinidad and Tobago,Trinidad and Tobago,0.006064295,1395,230000,230035
46,"DeKalb County, Georgia",Georgia,1900,United Kingdom,the United Kingdom,0.002733993,1910,698600,698612
47,"DeKalb County, Georgia",Georgia,3600,Vietnam,Vietnam,0.0026627020000000003,3560,1337000,1336988
48,"DeKalb County, Georgia",Georgia,6900,Western Africa,Western Africa,0.008250464,6931,840100,840074
49,"DeKalb County, Georgia",Georgia,3100,Western Asia,Western Asia,0.002724109,3071,1127300,1127341
50,"DeKalb County, Georgia",Georgia,1800,Western Europe,Western Europe,0.001887477,1785,945700,945707
0,"Douglas County, Georgia",Georgia,2400,Africa,Africa,0.00104623,2361,2256700,2256673
1,"Douglas County, Georgia",Georgia,8300,Americas,Americas,0.00035752699999999995,8251,23078000,23077986
2,"Douglas County, Georgia",Georgia,1400,Asia,Asia,0.000105705,1442,13641700,13641680
3,"Douglas County, Georgia",Georgia,2700,Caribbean,Caribbean,0.000617636,2678,4335900,4335884
4,"Douglas County, Georgia",Georgia,4800,Central America,Central America,0.000328367,4848,14764000,14763980
5,"Douglas County, Georgia",Georgia,1000,"Central America, excluding Mexico","Central America, excl. Mexico",0.000288037,1012,3513400,3513439
6,"Douglas County, Georgia",Georgia,1200,Ghana,Ghana,0.006597977,1177,178400,178388
7,"Douglas County, Georgia",Georgia,8200,Latin America,Latin America,0.000367898,8190,22261600,22261633
8,"Douglas County, Georgia",Georgia,3800,Mexico,Mexico,0.000340961,3836,11250500,11250541
9,"Douglas County, Georgia",Georgia,2300,Sub-Saharan Africa,Sub-Saharan Africa,0.0011980889999999998,2269,1893800,1893849
10,"Douglas County, Georgia",Georgia,12700,(All countries),all countries,0.000288562,12700,44011400,44011407
11,"Douglas County, Georgia",Georgia,1900,Western Africa,Western Africa,0.002241469,1883,840100,840074
0,"Fayette County, Georgia",Georgia,4600,Americas,Americas,0.000199801,4611,23078000,23077986
1,"Fayette County, Georgia",Georgia,4000,Asia,Asia,0.000294978,4024,13641700,13641680
2,"Fayette County, Georgia",Georgia,1200,Caribbean,Caribbean,0.000284371,1233,4335900,4335884
3,"Fayette County, Georgia",Georgia,1800,Central America,Central America,0.00012442399999999999,1837,14764000,14763980
4,"Fayette County, Georgia",Georgia,1400,Eastern Asia,Eastern Asia,0.000338056,1413,4179800,4179779
5,"Fayette County, Georgia",Georgia,1900,Europe,Europe,0.00039296,1872,4763800,4763845
6,"Fayette County, Georgia",Georgia,1100,India,India,0.000418829,1073,2561900,2561906
7,"Fayette County, Georgia",Georgia,3900,Latin America,Latin America,0.000176133,3921,22261600,22261633
8,"Fayette County, Georgia",Georgia,1300,Mexico,Mexico,0.000117417,1321,11250500,11250541
9,"Fayette County, Georgia",Georgia,1600,South Central Asia,South Central Asia,0.00038952400000000003,1566,4020300,4020291
10,"Fayette County, Georgia",Georgia,11400,(All countries),all countries,0.000259524,11422,44011400,44011407
0,"Forsyth County, Georgia",Georgia,1600,Africa,Africa,0.000728063,1643,2256700,2256673
1,"Forsyth County, Georgia",Georgia,12000,Americas,Americas,0.000520929,12022,23078000,23077986
2,"Forsyth County, Georgia",Georgia,21700,Asia,Asia,0.00158954,21684,13641700,13641680
3,"Forsyth County, Georgia",Georgia,7400,Central America,Central America,0.000501965,7411,14764000,14763980
4,"Forsyth County, Georgia",Georgia,1300,"Central America, excluding Mexico","Central America, excl. Mexico",0.000356915,1254,3513400,3513439
5,"Forsyth County, Georgia",Georgia,2600,China,China,0.0009262039999999999,2570,2774800,2774768
6,"Forsyth County, Georgia",Georgia,2100,"China, excluding Hong Kong and Taiwan","China, excl. Hong Kong and Taiwan",0.000948023,2050,2162400,2162395
7,"Forsyth County, Georgia",Georgia,2100,"China, excluding Taiwan","China, excl. Taiwan",0.0008898469999999999,2130,2393700,2393670
8,"Forsyth County, Georgia",Georgia,4400,Eastern Asia,Eastern Asia,0.001041203,4352,4179800,4179779
9,"Forsyth County, Georgia",Georgia,2000,Eastern Europe,Eastern Europe,0.0009531489999999999,2008,2106700,2106701
10,"Forsyth County, Georgia",Georgia,4500,Europe,Europe,0.000941676,4486,4763800,4763845
11,"Forsyth County, Georgia",Georgia,13400,India,India,0.005244533000000001,13436,2561900,2561906
12,"Forsyth County, Georgia",Georgia,1600,Korea,Korea,0.001542167,1611,1044600,1044634
13,"Forsyth County, Georgia",Georgia,11300,Latin America,Latin America,0.0005065219999999999,11276,22261600,22261633
14,"Forsyth County, Georgia",Georgia,6200,Mexico,Mexico,0.000547263,6157,11250500,11250541
15,"Forsyth County, Georgia",Georgia,1200,Northern Europe,Northern Europe,0.001234742,1167,945100,945137
16,"Forsyth County, Georgia",Georgia,1000,"Northern Triangle: El Salvador, Guatemala, Honduras","Northern Triangle: El Salvador, Guatemala, Honduras",0.00033242199999999997,1001,3011200,3011229
17,"Forsyth County, Georgia",Georgia,3100,South America,South America,0.0009744539999999999,3081,3161800,3161769
18,"Forsyth County, Georgia",Georgia,14800,South Central Asia,South Central Asia,0.0036850570000000003,14815,4020300,4020291
19,"Forsyth County, Georgia",Georgia,1700,South Eastern Asia,South Eastern Asia,0.000396963,1693,4264900,4264879
20,"Forsyth County, Georgia",Georgia,1400,Sub-Saharan Africa,Sub-Saharan Africa,0.0007154739999999999,1355,1893800,1893849
21,"Forsyth County, Georgia",Georgia,40000,(All countries),all countries,0.0009080830000000001,39966,44011400,44011407
22,"Forsyth County, Georgia",Georgia,1100,Western Europe,Western Europe,0.0011113380000000001,1051,945700,945707
0,"Fulton County, Georgia",Georgia,12800,Africa,Africa,0.005661431999999999,12776,2256700,2256673
1,"Fulton County, Georgia",Georgia,45400,Americas,Americas,0.001966939,45393,23078000,23077986
2,"Fulton County, Georgia",Georgia,60400,Asia,Asia,0.00442834,60410,13641700,13641680
3,"Fulton County, Georgia",Georgia,3200,Brazil,Brazil,0.007428272,3220,433500,433479
4,"Fulton County, Georgia",Georgia,3400,Canada,Canada,0.004196318,3393,808600,808566
5,"Fulton County, Georgia",Georgia,9200,Caribbean,Caribbean,0.002118138,9184,4335900,4335884
6,"Fulton County, Georgia",Georgia,22000,Central America,Central America,0.001489707,21994,14764000,14763980
7,"Fulton County, Georgia",Georgia,2900,"Central America, excluding Mexico","Central America, excl. Mexico",0.000837356,2942,3513400,3513439
8,"Fulton County, Georgia",Georgia,10100,China,China,0.003629132,10070,2774800,2774768
9,"Fulton County, Georgia",Georgia,8300,"China, excluding Hong Kong and Taiwan","China, excl. Hong Kong and Taiwan",0.003829088,8280,2162400,2162395
10,"Fulton County, Georgia",Georgia,8800,"China, excluding Taiwan","China, excl. Taiwan",0.003658817,8758,2393700,2393670
11,"Fulton County, Georgia",Georgia,2300,Colombia,Colombia,0.003032675,2309,761400,761374
12,"Fulton County, Georgia",Georgia,1300,Cuba,Cuba,0.000993119,1281,1289900,1289875
13,"Fulton County, Georgia",Georgia,3400,Eastern Africa,Eastern Africa,0.004967215,3365,677400,677442
14,"Fulton County, Georgia",Georgia,16500,Eastern Asia,Eastern Asia,0.0039581040000000005,16544,4179800,4179779
15,"Fulton County, Georgia",Georgia,6300,Eastern Europe,Eastern Europe,0.0030103940000000004,6342,2106700,2106701
16,"Fulton County, Georgia",Georgia,16100,Europe,Europe,0.003371436,16061,4763800,4763845
17,"Fulton County, Georgia",Georgia,1100,France,France,0.005838483,1060,181600,181554
18,"Fulton County, Georgia",Georgia,2000,Germany,Germany,0.003554807,1992,560400,560368
19,"Fulton County, Georgia",Georgia,1400,Ghana,Ghana,0.007758369,1384,178400,178388
20,"Fulton County, Georgia",Georgia,1200,Haiti,Haiti,0.0017364029999999999,1168,672700,672655
21,"Fulton County, Georgia",Georgia,27100,India,India,0.010581183999999999,27108,2561900,2561906
22,"Fulton County, Georgia",Georgia,2000,Iran,Iran,0.005271281,2015,382300,382260
23,"Fulton County, Georgia",Georgia,1500,Iraq,Iraq,0.006714421999999999,1511,225000,225038
24,"Fulton County, Georgia",Georgia,1500,Israel,Israel,0.010694911000000001,1451,135700,135672
25,"Fulton County, Georgia",Georgia,4100,Jamaica,Jamaica,0.005513997,4088,741400,741386
26,"Fulton County, Georgia",Georgia,1100,Japan,Japan,0.0032189840000000003,1111,345100,345140
27,"Fulton County, Georgia",Georgia,5400,Korea,Korea,0.005133855,5363,1044600,1044634
28,"Fulton County, Georgia",Georgia,41900,Latin America,Latin America,0.00188032,41859,22261600,22261633
29,"Fulton County, Georgia",Georgia,5000,MENA: Middle East* and North Africa,MENA: Middle East* and North Africa,0.004388192,5039,1148300,1148309
30,"Fulton County, Georgia",Georgia,19100,Mexico,Mexico,0.00169343,19052,11250500,11250541
31,"Fulton County, Georgia",Georgia,2600,Nigeria,Nigeria,0.007474191,2618,350300,350272
32,"Fulton County, Georgia",Georgia,1400,Northern Africa,Northern Africa,0.0039633540000000005,1438,362800,362824
33,"Fulton County, Georgia",Georgia,3500,Northern America,Northern America,0.00432901,3534,816400,816353
34,"Fulton County, Georgia",Georgia,4500,Northern Europe,Northern Europe,0.004769679000000001,4508,945100,945137
35,"Fulton County, Georgia",Georgia,2000,"Northern Triangle: El Salvador, Guatemala, Honduras","Northern Triangle: El Salvador, Guatemala, Honduras",0.000666173,2006,3011200,3011229
36,"Fulton County, Georgia",Georgia,1000,Pakistan,Pakistan,0.002701215,1016,376100,376127
37,"Fulton County, Georgia",Georgia,1900,Philippines,the Philippines,0.0009672680000000001,1919,1983900,1983939
38,"Fulton County, Georgia",Georgia,2300,Russia,Russia,0.0057680380000000005,2259,391600,391641
39,"Fulton County, Georgia",Georgia,1300,South Africa,South Africa,0.012929956999999999,1345,104000,104022
40,"Fulton County, Georgia",Georgia,10700,South America,South America,0.003378172,10681,3161800,3161769
41,"Fulton County, Georgia",Georgia,32200,South Central Asia,South Central Asia,0.008008624,32197,4020300,4020291
42,"Fulton County, Georgia",Georgia,5900,South Eastern Asia,South Eastern Asia,0.0013941779999999998,5946,4264900,4264879
43,"Fulton County, Georgia",Georgia,1300,Southern Africa,Southern Africa,0.012385583,1345,108600,108594
44,"Fulton County, Georgia",Georgia,1300,Southern Europe,Southern Europe,0.0017124739999999999,1293,755000,755048
45,"Fulton County, Georgia",Georgia,11300,Sub-Saharan Africa,Sub-Saharan Africa,0.00598675,11338,1893800,1893849
46,"Fulton County, Georgia",Georgia,1300,Taiwan,Taiwan,0.003442684,1312,381100,381098
47,"Fulton County, Georgia",Georgia,135500,(All countries),all countries,0.0030794520000000003,135531,44011400,44011407
48,"Fulton County, Georgia",Georgia,3400,United Kingdom,the United Kingdom,0.00489399,3419,698600,698612
49,"Fulton County, Georgia",Georgia,2000,Venezuela,Venezuela,0.005798925,2028,349700,349720
50,"Fulton County, Georgia",Georgia,1700,Vietnam,Vietnam,0.0013021810000000001,1741,1337000,1336988
51,"Fulton County, Georgia",Georgia,5500,Western Africa,Western Africa,0.006492285,5454,840100,840074
52,"Fulton County, Georgia",Georgia,5600,Western Asia,Western Asia,0.004955022,5586,1127300,1127341
53,"Fulton County, Georgia",Georgia,3900,Western Europe,Western Europe,0.004123899,3900,945700,945707
0,"Gwinnett County, Georgia",Georgia,1100,Afghanistan,Afghanistan,0.010418718,1058,101500,101548
1,"Gwinnett County, Georgia",Georgia,26800,Africa,Africa,0.011864368,26774,2256700,2256673
2,"Gwinnett County, Georgia",Georgia,113000,Americas,Americas,0.004896788,113008,23078000,23077986
3,"Gwinnett County, Georgia",Georgia,79500,Asia,Asia,0.005824649,79458,13641700,13641680
4,"Gwinnett County, Georgia",Georgia,3300,Bangladesh,Bangladesh,0.013898721999999999,3298,237300,237288
5,"Gwinnett County, Georgia",Georgia,2100,Bosnia and Herzegovina,Bosnia and Herzegovina,0.020502607,2131,103900,103938
6,"Gwinnett County, Georgia",Georgia,2200,Canada,Canada,0.002764153,2235,808600,808566
7,"Gwinnett County, Georgia",Georgia,22600,Caribbean,Caribbean,0.005201016,22551,4335900,4335884
8,"Gwinnett County, Georgia",Georgia,67300,Central America,Central America,0.004558866,67307,14764000,14763980
9,"Gwinnett County, Georgia",Georgia,25400,"Central America, excluding Mexico","Central America, excl. Mexico",0.007225115,25385,3513400,3513439
10,"Gwinnett County, Georgia",Georgia,9100,China,China,0.003275589,9089,2774800,2774768
11,"Gwinnett County, Georgia",Georgia,7200,"China, excluding Hong Kong and Taiwan","China, excl. Hong Kong and Taiwan",0.003313918,7166,2162400,2162395
12,"Gwinnett County, Georgia",Georgia,7700,"China, excluding Taiwan","China, excl. Taiwan",0.0032243379999999998,7718,2393700,2393670
13,"Gwinnett County, Georgia",Georgia,9000,Colombia,Colombia,0.011832555,9009,761400,761374
14,"Gwinnett County, Georgia",Georgia,3000,Cuba,Cuba,0.002352166,3034,1289900,1289875
15,"Gwinnett County, Georgia",Georgia,5700,Dominican Republic,Dominican Republic,0.005094142,5696,1118100,1118147
16,"Gwinnett County, Georgia",Georgia,7900,Eastern Africa,Eastern Africa,0.011726465,7944,677400,677442
17,"Gwinnett County, Georgia",Georgia,28300,Eastern Asia,Eastern Asia,0.006781938,28347,4179800,4179779
18,"Gwinnett County, Georgia",Georgia,10700,Eastern Europe,Eastern Europe,0.00506669,10674,2106700,2106701
19,"Gwinnett County, Georgia",Georgia,9700,El Salvador,El Salvador,0.00704051,9723,1381000,1381008
20,"Gwinnett County, Georgia",Georgia,4400,Ethiopia,Ethiopia,0.01772381,4427,249800,249777
21,"Gwinnett County, Georgia",Georgia,16300,Europe,Europe,0.003425594,16319,4763800,4763845
22,"Gwinnett County, Georgia",Georgia,1400,Germany,Germany,0.002519773,1412,560400,560368
23,"Gwinnett County, Georgia",Georgia,4100,Ghana,Ghana,0.023202233,4139,178400,178388
24,"Gwinnett County, Georgia",Georgia,7500,Guatemala,Guatemala,0.007676453000000001,7516,979100,979098
25,"Gwinnett County, Georgia",Georgia,2300,Guyana,Guyana,0.008310831999999999,2253,271100,271092
26,"Gwinnett County, Georgia",Georgia,2900,Haiti,Haiti,0.004260728,2866,672700,672655
27,"Gwinnett County, Georgia",Georgia,6300,Honduras,Honduras,0.009704772,6319,651100,651123
28,"Gwinnett County, Georgia",Georgia,14600,India,India,0.0056926369999999995,14584,2561900,2561906
29,"Gwinnett County, Georgia",Georgia,1100,Iraq,Iraq,0.004710316,1060,225000,225038
30,"Gwinnett County, Georgia",Georgia,7500,Jamaica,Jamaica,0.010131025,7511,741400,741386
31,"Gwinnett County, Georgia",Georgia,1300,Japan,Japan,0.003726024,1286,345100,345140
32,"Gwinnett County, Georgia",Georgia,1400,Kenya,Kenya,0.009975238,1414,141800,141751
33,"Gwinnett County, Georgia",Georgia,18000,Korea,Korea,0.017204112,17972,1044600,1044634
34,"Gwinnett County, Georgia",Georgia,1000,Laos,Laos,0.00559087,1015,181500,181546
35,"Gwinnett County, Georgia",Georgia,110700,Latin America,Latin America,0.004973984,110729,22261600,22261633
36,"Gwinnett County, Georgia",Georgia,1600,Liberia,Liberia,0.018558716,1633,88000,87991
37,"Gwinnett County, Georgia",Georgia,3900,MENA: Middle East* and North Africa,MENA: Middle East* and North Africa,0.003362335,3861,1148300,1148309
38,"Gwinnett County, Georgia",Georgia,41900,Mexico,Mexico,0.0037262209999999996,41922,11250500,11250541
39,"Gwinnett County, Georgia",Georgia,1800,Middle Africa,Middle Africa,0.011798355,1815,153800,153835
40,"Gwinnett County, Georgia",Georgia,5900,Nigeria,Nigeria,0.016781244,5878,350300,350272
41,"Gwinnett County, Georgia",Georgia,1600,Northern Africa,Northern Africa,0.004272044,1550,362800,362824
42,"Gwinnett County, Georgia",Georgia,2300,Northern America,Northern America,0.0027916840000000004,2279,816400,816353
43,"Gwinnett County, Georgia",Georgia,2700,Northern Europe,Northern Europe,0.002870483,2713,945100,945137
44,"Gwinnett County, Georgia",Georgia,23600,"Northern Triangle: El Salvador, Guatemala, Honduras","Northern Triangle: El Salvador, Guatemala, Honduras",0.007823384000000001,23558,3011200,3011229
45,"Gwinnett County, Georgia",Georgia,4300,Pakistan,Pakistan,0.011488141,4321,376100,376127
46,"Gwinnett County, Georgia",Georgia,1900,Peru,Peru,0.004221018,1904,451100,451076
47,"Gwinnett County, Georgia",Georgia,2500,Philippines,the Philippines,0.001262136,2504,1983900,1983939
48,"Gwinnett County, Georgia",Georgia,3300,Romania,Romania,0.020475667,3318,162000,162046
49,"Gwinnett County, Georgia",Georgia,1200,Russia,Russia,0.00301807,1182,391600,391641
50,"Gwinnett County, Georgia",Georgia,20900,South America,South America,0.006601051,20871,3161800,3161769
51,"Gwinnett County, Georgia",Georgia,25700,South Central Asia,South Central Asia,0.0063945619999999995,25708,4020300,4020291
52,"Gwinnett County, Georgia",Georgia,22600,South Eastern Asia,South Eastern Asia,0.0053070669999999995,22634,4264900,4264879
53,"Gwinnett County, Georgia",Georgia,25200,Sub-Saharan Africa,Sub-Saharan Africa,0.013318908,25224,1893800,1893849
54,"Gwinnett County, Georgia",Georgia,1400,Taiwan,Taiwan,0.0035975,1371,381100,381098
55,"Gwinnett County, Georgia",Georgia,235900,(All countries),all countries,0.005359724000000001,235889,44011400,44011407
56,"Gwinnett County, Georgia",Georgia,1100,Trinidad and Tobago,Trinidad and Tobago,0.004686243,1078,230000,230035
57,"Gwinnett County, Georgia",Georgia,2100,United Kingdom,the United Kingdom,0.0030245690000000004,2113,698600,698612
58,"Gwinnett County, Georgia",Georgia,1100,Uruguay,Uruguay,0.02266538,1057,46600,46635
59,"Gwinnett County, Georgia",Georgia,4400,Venezuela,Venezuela,0.012507148999999999,4374,349700,349720
60,"Gwinnett County, Georgia",Georgia,15700,Vietnam,Vietnam,0.011738325,15694,1337000,1336988
61,"Gwinnett County, Georgia",Georgia,13800,Western Africa,Western Africa,0.01647712,13842,840100,840074
62,"Gwinnett County, Georgia",Georgia,2700,Western Asia,Western Asia,0.002381711,2685,1127300,1127341
63,"Gwinnett County, Georgia",Georgia,2000,Western Europe,Western Europe,0.002084155,1971,945700,945707
0,"Hall County, Georgia",Georgia,27700,Americas,Americas,0.001202401,27749,23078000,23077986
1,"Hall County, Georgia",Georgia,2700,Asia,Asia,0.00019638299999999998,2679,13641700,13641680
2,"Hall County, Georgia",Georgia,1100,Caribbean,Caribbean,0.000243318,1055,4335900,4335884
3,"Hall County, Georgia",Georgia,25000,Central America,Central America,0.0016931070000000001,24997,14764000,14763980
4,"Hall County, Georgia",Georgia,5400,"Central America, excluding Mexico","Central America, excl. Mexico",0.0015341089999999999,5390,3513400,3513439
5,"Hall County, Georgia",Georgia,2300,El Salvador,El Salvador,0.001692242,2337,1381000,1381008
6,"Hall County, Georgia",Georgia,1200,Europe,Europe,0.000247069,1177,4763800,4763845
7,"Hall County, Georgia",Georgia,1500,Guatemala,Guatemala,0.001511595,1480,979100,979098
8,"Hall County, Georgia",Georgia,1400,Honduras,Honduras,0.002093306,1363,651100,651123
9,"Hall County, Georgia",Georgia,27300,Latin America,Latin America,0.001228481,27348,22261600,22261633
10,"Hall County, Georgia",Georgia,19600,Mexico,Mexico,0.001742761,19607,11250500,11250541
11,"Hall County, Georgia",Georgia,5200,"Northern Triangle: El Salvador, Guatemala, Honduras","Northern Triangle: El Salvador, Guatemala, Honduras",0.0017202279999999999,5180,3011200,3011229
12,"Hall County, Georgia",Georgia,1300,South America,South America,0.000409897,1296,3161800,3161769
13,"Hall County, Georgia",Georgia,1300,South Eastern Asia,South Eastern Asia,0.00030247,1290,4264900,4264879
14,"Hall County, Georgia",Georgia,32400,(All countries),all countries,0.0007362410000000001,32403,44011400,44011407
15,"Hall County, Georgia",Georgia,1000,Vietnam,Vietnam,0.000752438,1006,1337000,1336988
0,"Henry County, Georgia",Georgia,1900,Africa,Africa,0.0008574569999999999,1935,2256700,2256673
1,"Henry County, Georgia",Georgia,9600,Americas,Americas,0.00041468099999999997,9570,23078000,23077986
2,"Henry County, Georgia",Georgia,4700,Asia,Asia,0.00034607199999999995,4721,13641700,13641680
3,"Henry County, Georgia",Georgia,4200,Caribbean,Caribbean,0.00097927,4246,4335900,4335884
4,"Henry County, Georgia",Georgia,3500,Central America,Central America,0.00023631799999999998,3489,14764000,14763980
5,"Henry County, Georgia",Georgia,1300,Europe,Europe,0.000272469,1298,4763800,4763845
6,"Henry County, Georgia",Georgia,1600,India,India,0.0006233640000000001,1597,2561900,2561906
7,"Henry County, Georgia",Georgia,1900,Jamaica,Jamaica,0.002542535,1885,741400,741386
8,"Henry County, Georgia",Georgia,8900,Latin America,Latin America,0.000401902,8947,22261600,22261633
9,"Henry County, Georgia",Georgia,2500,Mexico,Mexico,0.000224078,2521,11250500,11250541
10,"Henry County, Georgia",Georgia,1200,South America,South America,0.00038333,1212,3161800,3161769
11,"Henry County, Georgia",Georgia,2100,South Central Asia,South Central Asia,0.000524091,2107,4020300,4020291
12,"Henry County, Georgia",Georgia,1800,South Eastern Asia,South Eastern Asia,0.000427445,1823,4264900,4264879
13,"Henry County, Georgia",Georgia,1900,Sub-Saharan Africa,Sub-Saharan Africa,0.000999552,1893,1893800,1893849
14,"Henry County, Georgia",Georgia,17900,(All countries),all countries,0.00040637199999999995,17885,44011400,44011407
15,"Henry County, Georgia",Georgia,1100,Vietnam,Vietnam,0.000847427,1133,1337000,1336988
16,"Henry County, Georgia",Georgia,1400,Western Africa,Western Africa,0.001684375,1415,840100,840074
0,"Whitfield County, Georgia",Georgia,17800,Americas,Americas,0.0007718610000000001,17813,23078000,23077986
1,"Whitfield County, Georgia",Georgia,1400,Asia,Asia,0.00010211399999999999,1393,13641700,13641680
2,"Whitfield County, Georgia",Georgia,17200,Central America,Central America,0.001166081,17216,14764000,14763980
3,"Whitfield County, Georgia",Georgia,2200,"Central America, excluding Mexico","Central America, excl. Mexico",0.000622752,2188,3513400,3513439
4,"Whitfield County, Georgia",Georgia,17800,Latin America,Latin America,0.000798234,17770,22261600,22261633
5,"Whitfield County, Georgia",Georgia,15000,Mexico,Mexico,0.0013357579999999998,15028,11250500,11250541
6,"Whitfield County, Georgia",Georgia,2100,"Northern Triangle: El Salvador, Guatemala, Honduras","Northern Triangle: El Salvador, Guatemala, Honduras",0.000688091,2072,3011200,3011229
7,"Whitfield County, Georgia",Georgia,19500,(All countries),all countries,0.000442044,19455,44011400,44011407
